,0
ConfirmOrder(jsp),0
LineItem,0
lineitem(table),0
LineItemMapper,0
ListOrders(jsp),0
NewOrderForm(jsp),0
Order,0
OrderActionBean,0
OrderMapper,0
orders(table),0
OrderService,0
orderstatus(table),0
Sequence,0
sequence(table),0
SequenceMapper,0
ViewOrder(jsp),0
Account,1
account(table),1
AccountActionBean,1
AccountMapper,1
AccountService,1
bannerdata(table),1
EditAccountForm(jsp),1
NewAccountForm(jsp),1
profile(table),1
signon(table),1
SignonForm(jsp),1
Cart,2
Cart(jsp),2
CartActionBean,2
CartItem,2
CatalogActionBean,3
CatalogService,3
Category,3
Category(jsp),3
category(table),3
CategoryMapper,3
inventory(table),0
Item,2
Item(jsp),3
item(table),3
ItemMapper,0
Product,3
Product(jsp),3
product(table),3
ProductMapper,3
SearchProducts(jsp),3
Main(jsp),1
AbstractActionBean,2
